"Bird","date","B_total.bright","B_avg.bright","B_hue","B_chrom","R_total.bright","R_avg.bright","R_hue","R_chrom","T_total.bright","T_avg.bright","T_hue","T_chrom","V_total.bright","V_avg.bright","V_hue","V_chrom"
"2350-21085","06_02_22",70717.8933333333,35.2531871053506,600.376666666667,0.419334040460585,57869.28,28.8480957128614,575.396,0.459568400387536,19332.97,9.63757228315055,678.442666666667,0.565814714737552,56780.4466666667,28.3053074111,649.467333333333,0.481670082705351
"2350-21096","07_14_22",51078.2,25.4627118644068,657.126,0.467299082405322,46430.59,23.1458574277168,607.696666666667,0.444570382131141,22926.3833333333,11.4289049518112,676.788333333333,0.511629437657053,43958.86,21.9136889332004,643.106333333333,0.455467631011305
"2640-97331","06_17_22",39236.1766666667,19.5594101030243,616.737333333333,0.486640052153124,37751.8366666667,18.8194599534729,633.753333333333,0.511323938718912,19730.5966666667,9.83579096045198,674.104,0.544014282457219,37753.6966666667,18.8203871718179,652.772333333333,0.496634551107121
"2640-97358","06_17_22",42412.6033333333,21.1428730475241,651.440333333333,0.469501946338724,39599.5533333333,19.7405550016617,642.151,0.495234064379998,27635.4866666667,13.7764140910602,659.167,0.537489732990061,45484.6066666667,22.6742804918578,671.746666666667,0.469881279539494
"2640-97548","05_26_22",27276.7933333333,13.5976038551014,680.124666666667,0.499036813678359,32565.6366666667,16.2341159853772,647.108,0.513907414549653,17165.2333333333,8.55694582917913,675.792666666667,0.558975656038315,36830.14,18.3599900299103,677.380666666667,0.513099679243232
"2640-97588","06_11_22",42561.4166666667,21.2170571618478,610.683666666667,0.471668493314114,28998.99,14.4561266201396,610.683666666667,0.507893604800371,23771.48,11.8501894317049,653.727333333333,0.544837495506479,55172.2766666667,27.5036274509804,637.038666666667,0.462396686387819
"2640-97589","06_17_22",37417.18,18.6526321036889,627.372333333333,0.480672665268801,33928.5666666667,16.9135427052177,657.739333333333,0.528785658627975,23701.6033333333,11.8153555998671,681.183,0.523609389285548,41428.2866666667,20.6521867730143,650.113,0.483636219775262
"2640-97596","06_02_22",60480.9,30.15,634.778,0.434089165229652,57148.0733333333,28.4885709538053,658.761333333333,0.481209824754985,30068.5566666667,14.989310402127,678.131,0.547060065803652,53773.9133333333,26.8065370555002,605.081666666667,0.460644426120571
"2811-00632","06_10_22",40909.5033333333,20.3935709538052,636.728333333333,0.521280226157742,53178.5166666667,26.5097291458956,645.758,0.471404513911567,22138.4766666667,11.0361299435028,679.112333333333,0.517956526579132,35890.0866666667,17.8913692256564,680.396333333333,0.493827327825909
"2811-38984","06_17_22",47463.6766666667,23.6608557660352,627.372333333333,0.458228381241478,40276.6133333333,20.0780724493187,606.378666666667,0.466369752152159,29124.74,14.518813559322,679.458,0.515995203309638,50528.72,25.1887936191426,662.762666666667,0.489744034438971
"2811-39093","07_05_22",49068.6333333333,24.4609338650714,633.379666666667,0.466923253407517,53515.6866666667,26.6778099036225,611.004,0.465999777192007,27956.69,13.9365353938185,643.740666666667,0.529580006074316,57485.2966666667,28.656678298438,611.004,0.456442154076224
"2811-82969","06_17_22",45201.6966666667,22.5332485875706,611.004,0.491848923470074,52473.09,26.1580707876371,611.004,0.471993495403182,35403.5133333333,17.6488102359588,611.004,0.498102493947764,46520.99,23.1909222333001,611.004,0.473580392377556
"2811-83207","06_13_22",31312.1933333333,15.6092688600864,663.093333333333,0.493086003640744,48052.7066666667,23.9544898637421,614.487333333333,0.462077598012271,40359.41,20.1193469591226,685.780666666667,0.45641517512088,34845.2166666667,17.3704968428049,679.147666666667,0.517698870844449
"2811-83208","06_20_22",52955.9633333333,26.3987853107345,610.683666666667,0.450512143759668,42135.2166666667,21.0045945496843,610.683666666667,0.486882120791365,37580.7433333333,18.7341691591891,611.004,0.484585352087891,46614.2766666667,23.2374260551678,611.004,0.475660646075861
"2811-83402","07_05_22",47058.2866666667,23.4587670322366,633.379666666667,0.446837976656705,58976.0833333333,29.3998421402459,631.699333333333,0.470952712245755,33789.9633333333,16.8444483217016,667.716666666667,0.538722018533057,57573.5766666667,28.7006862745098,615.732,0.458963137542598
"2811-83409","06_20_22",72169.6833333333,35.9769109338651,597.723,0.422069152836768,70442.44,35.1158723828514,626.04,0.42716201262025,26229.26,13.0754037886341,677.784333333333,0.528093760227933,61198.7866666667,30.5078697241609,609.722333333333,0.441458139151944
"2850-57518","06_14_22",41744.0666666667,20.809604519774,627.058333333333,0.478712673400764,39311.6766666667,19.5970471917581,665.090666666667,0.532886534906043,29903.8333333333,14.9071950814224,611.004,0.519809235426352,37512.55,18.7001744765703,678.778666666667,0.51467685662893
"2850-57519","07_14_22",52957.4266666667,26.3995147889664,643.426666666667,0.419956759890628,54564.1133333333,27.2004553007644,643.426666666667,0.446988584221246,35020.1666666667,17.4577102027252,660.109,0.494161906763924,66873.49,33.3367347956132,600.043666666667,0.425720972172298
"2850-57550","08_10_22",54357.2033333333,27.0973097374543,672.121333333333,0.423347788769985,64152.3233333333,31.9802210036557,652.766333333333,0.444026907847733,44560.6533333333,22.2136856098372,653.395,0.518261977580409,57927.1033333333,28.8769209039548,626.781,0.445107907016415
"2850-57551","06_01_22",48236.0433333333,24.0458840146228,631.053666666667,0.474288937104708,50294.8833333333,25.0722249916916,617.439,0.49679627888468,43579.37,21.7245114656032,619.031666666667,0.519022756169711,59582.0433333333,29.7019159189099,632.079,0.461660686657639
"2850-57552","06_01_22",52413.5766666667,26.1284031239614,630.412666666667,0.473146463738722,56436.5733333333,28.1338850116318,636.077,0.471008286643739,33056.6866666667,16.4789066134929,652.385333333333,0.541955632550136,51771.08,25.8081156530409,632.783,0.486261458463826
"2850-57557","06_24_22",31837.8766666667,15.8713243602526,611.004,0.509334773274041,43537.52,21.7036490528415,644.054666666667,0.515457828670547,28799.45,14.3566550348953,644.054666666667,0.503765598449205,38768.3633333333,19.3262030574942,611.004,0.478606990115526
"2850-57560","07_14_22",41014.0233333333,20.4456746427384,611.004,0.477242442040271,35675.02,17.7841575274177,643.740666666667,0.494989222873105,20934.8666666667,10.436124958458,643.420333333333,0.51987879729,35924.9166666667,17.9087321369226,660.109,0.48246332469564
"2850-57563","07_05_22",48090.7933333333,23.9734762379528,640.776,0.490531745359776,58263.1733333333,29.0444533067464,622.444,0.455219003079281,26155.37,13.0385692921236,637.359,0.504731096433171,43720.44,21.7948354935194,643.740666666667,0.49804395543692
"2850-57565","06_06_22",36565.9433333333,18.2282868062479,643.106333333333,0.492153314837329,35000.43,17.4478713858425,673.076,0.503329627518825,19316.65,9.62943668993021,643.112666666667,0.530689809357305,41107.0466666667,20.4920471917581,626.417666666667,0.473984493587133
"2850-57567","06_06_22",44699.4133333333,22.2828580923895,606.056666666667,0.487213349702264,52870.3966666667,26.3561299435028,611.388333333333,0.492711540061075,21183.6066666667,10.56012296444,667.115666666667,0.521807289855866,33578.1966666667,16.7388816882685,628.070666666667,0.511359263648033
"2850-57568","06_17_22",47220.9966666667,23.5398786972416,625.776333333333,0.430572869244747,51097.1033333333,25.472135260884,642.151,0.452418429358055,30355.4333333333,15.132319707544,659.167,0.505061279705532,46783.95,23.3220089730808,659.167,0.497056741267719
"2850-57570","06_17_22",51501.3766666667,25.6736673313393,611.004,0.443766872554099,46274.6466666667,23.0681189764041,611.004,0.495866930233422,33782.6,16.840777666999,611.004,0.50116103868757,38266.3066666667,19.0759255566633,627.686333333333,0.494641169287756
"2850-57571","06_17_22",45277.1766666667,22.5708757062147,625.776333333333,0.477030290155983,48456.8966666667,24.1559803921569,642.471666666667,0.48238745906607,33634.9766666667,16.7671867730143,659.167,0.503477030550704,29633.7366666667,14.7725506812895,666.173666666667,0.536627530436078
"2850-57572","05_26_22",48709.0933333333,24.2817015619807,659.795,0.457622138037168,53727.3966666667,26.7833482884679,609.722333333333,0.483003143288873,28825.8933333333,14.3698371552011,626.411,0.497631974785293,43341.9966666667,21.6061797939515,643.106333333333,0.485696853886885
"2850-57573","05_28_22",62435.5933333333,31.1244233964772,659.167,0.424712745734185,49347.11,24.5997557328016,625.776333333333,0.484233366036293,25918.2,12.9203389830508,659.167,0.516923185163857,44003.76,21.9360717846461,659.167,0.497268887220087
"2850-57574","05_28_22",36635.6466666667,18.2630342306414,637.359,0.465028061402376,43675.05,21.7722083748754,611.004,0.491729230121277,23877.1366666667,11.9028597540711,627.372333333333,0.492942753988344,40831.0833333333,20.3544782319708,611.004,0.465982625654706
"2850-57575","05_28_22",58971.7066666667,29.3976603522765,587.395666666667,0.430465732190145,77484.68,38.6264606181456,634.733333333333,0.440771486626879,34890.9766666667,17.393308408109,627.686333333333,0.525583019375436,60948.02,30.3828614157527,660.737,0.442822349304728
"2850-57576","06_02_22",60063.1766666667,29.9417630442007,647.801666666667,0.439812251739168,63379.0033333333,31.5947175141243,600.375333333333,0.46599747773546,28165.3233333333,14.0405400465271,679.439,0.552302631170651,56156.5433333333,27.9942888002659,635.419333333333,0.496187480964908
"2850-57577","06_17_22",57789.4366666667,28.8082934529744,627.121666666667,0.443602398161573,57845.48,28.8362313060818,625.399,0.475799583396234,41974.9966666667,20.9247241608508,676.164,0.512057072919027,59267.9633333333,29.5453456297773,636.057666666667,0.455136561716063
"2850-57578","06_17_22",41567.9233333333,20.7217962778332,642.792333333333,0.496782871963451,31447.6766666667,15.6768079096045,657.462666666667,0.517385328934106,21697.5766666667,10.8163393153872,678.442666666667,0.55679900068735,23412.5966666667,11.6712844798937,659.167,0.547842631801228
"2850-57579","06_17_22",36265.44,18.0784845463609,627.372333333333,0.493533730443052,49706.7933333333,24.7790594882021,617.005,0.488521059528198,22706.9,11.3194915254237,660.737,0.533256518674773,48955.0466666667,24.404310402127,611.004,0.499147360596668
"2850-57580","06_17_22",46022.4766666667,22.9424111000332,647.108,0.468469623510907,55127.15,27.4811316051844,625.399,0.46555681385905,18340.5466666667,9.14284479893652,667.427,0.560214831944791,61676.9,30.7462113659023,608.760333333333,0.465611781209316
"2850-57581","06_17_22",54238.56,27.0381655034895,616.048333333333,0.47276501564246,37998.56,18.9424526420738,641.091666666667,0.521103482891469,25078.6425,12.5018158025922,674.1035,0.557442635889697,39374.54,19.6283848454636,664.102,0.524143762079921
"2850-57582","06_17_22",49740.4233333333,24.7958241940844,627.058333333333,0.471185748327621,57168.6366666667,28.4988218677301,626.731333333333,0.467628454752704,NA,NA,NA,NA,21799.8966666667,10.86734629445,643.740666666667,0.526212894914188
"2850-57583","06_17_22",41231.9133333333,20.5542937853107,611.004,0.481698875792086,42202.7966666667,21.0382834828847,600.043666666667,0.492798434764876,30717.5533333333,15.31283815221,667.797666666667,0.525054731682817,55980.05,27.9063060817547,622.747,0.467220258029149
"2850-57584","06_17_22",75346.8766666667,37.5607560651379,609.721666666667,0.391313514333636,74751.6933333333,37.2640545031572,610.363,0.421697612906756,42593.0266666667,21.2328148886673,626.731333333333,0.505151262757966,71896.42,35.8406879361914,625.776333333333,0.457763046534174
"2850-57585","06_17_22",51347.7766666667,25.5970970422067,599.394666666667,0.444705538085853,77932.9866666667,38.8499435028249,588.369,0.434593729385777,31090.8666666667,15.498936523762,628.063,0.532900140532851,76244.1433333333,38.0080475240944,610.042666666667,0.431624901362471
"2850-57586","06_20_22",43969.85,21.9191674975075,653.417,0.402461872675993,52698.5066666667,26.2704420073114,626.731666666667,0.422343166938632,36035.4233333333,17.9638202060485,660.109,0.500664057301256,54512.4966666667,27.1747241608508,632.780333333333,0.452700010527612
"2850-57587","06_20_22",20363.7233333333,10.1514074443337,669.785333333333,0.544031824181401,32274.4566666667,16.0889614489864,688.765666666667,0.520874933648192,20626.72,10.2825124626122,679.461666666667,0.510329456789314,32035.0833333333,15.9696327683616,647.369,0.514558241839865
"2850-57588","06_20_22",45344.79,22.6045812562313,616.087333333333,0.444473502997381,53390.6966666667,26.6155018278498,627.756666666667,0.468672326916677,25117.6133333333,12.5212429378531,669.785333333333,0.52921739267687,38302.9033333333,19.0941691591891,627.372333333333,0.481473445798661
"2850-57589","06_20_22",38673.2633333333,19.2787952808242,643.740666666667,0.490091496396622,33954.8,16.9266201395813,627.372333333333,0.501144528929523,25377.4566666667,12.6507760053174,675.790333333333,0.53123715270121,39168.5933333333,19.5257195081422,627.686333333333,0.519492938846239
"2850-57590","07_03_22",57124.53,28.4768344965105,590.078333333333,0.489398904724439,78788.3333333333,39.2763376537055,585.744333333333,0.438723076538288,30609.4133333333,15.2589298770356,679.439,0.538845419424666,58920.5466666667,29.3721568627451,622.423333333333,0.445810542915525
"2850-57591","07_03_22",38287.83,19.0866550348953,627.052,0.440500569377172,55458.3966666667,27.6462595546693,663.073,0.44609149079444,29741.5866666667,14.8263143901628,653.407,0.52973794547707,53551.0833333333,26.6954553007644,636.718,0.455135491582795
"2850-57592","07_03_22",44155.83,22.0118793619143,636.397666666667,0.490939300472316,64254.9933333333,32.0314024592888,689.448333333333,0.448430888676468,32153.9766666667,16.028901628448,689.758666666667,0.527105057951475,52213.7766666667,26.0288019275507,652.776,0.438358513740475
"2850-57593","07_03_22",47869.73,23.8632751744766,625.776333333333,0.482830807248848,56557.7733333333,28.1943037554005,663.073,0.484317744526619,46098.8166666667,22.9804669325357,609.401666666667,0.445640644618901,57795.78,28.8114556331007,653.086333333333,0.452694743721839
"2850-57594","07_03_22",52696.6,26.2694915254237,636.718,0.49116036966398,50821.76,25.3348753738784,609.722,0.439644667058992,42184.16,21.0289930209372,610.363,0.490789683147453,57394.4133333333,28.6113725490196,659.779,0.444650604299003
"2850-57595","07_03_22",47390.9266666667,23.6245895646394,659.779,0.469478756592768,51227.49,25.5371335992024,679.768333333333,0.45856839034526,22539.4966666667,11.2360402126952,679.052666666667,0.537790724154644,43908.9933333333,21.8888301761383,689.758666666667,0.497238992854446
"2850-57596","07_03_22",46900.45,23.3800847457627,647.749,0.464151908987511,60698.23,30.2583399800598,608.760333333333,0.456319747469536,24270.03,12.0987188434696,690.069,0.546349200273038,39418.8833333333,19.6504901960784,650.433333333333,0.480447546641357
"2850-57597","07_03_22",67314.99,33.5568245264207,609.401333333333,0.464757975865083,61197.4766666667,30.5072166832835,608.760333333333,0.444030397775082,30523.4566666667,15.2160800930542,658.059666666667,0.516727088255662,62088.7333333333,30.9515121302758,609.401666666667,0.447676350463447
"2850-57598","07_05_22",58806.7133333333,29.3154104353606,610.042333333333,0.449878887693939,84502.86,42.1250548354935,595.76,0.430041529350388,38624.41,19.2544416749751,643.024333333333,0.518649398705521,65948.39,32.8755682951147,607.022666666667,0.501079034192827
"2850-57600","07_05_22",39658.5466666667,19.7699634430043,627.372333333333,0.514829768379656,49483.5266666667,24.6677600531738,627.686333333333,0.46334606199095,35104.3333333333,17.4996676636756,627.686333333333,0.478462942601768,53614.2366666667,26.726937520771,611.004,0.479796557882935
"2850-57604","07_05_22",45113.3333333333,22.4891990694583,657.739333333333,0.491608121259256,56175.8666666667,28.0039215686275,675.424333333333,0.482258111453143,29727.8266666667,14.819454968428,643.740666666667,0.504780436722835,37489.9333333333,18.6888999667664,651.435333333333,0.513669593478788
"2850-57607","07_05_22",46674.9366666667,23.2676653373214,651.743333333333,0.475098934703393,47586.9766666667,23.7223213692257,634.732666666667,0.500003240054261,34437.4033333333,17.1672000664673,673.434333333333,0.534156573666566,44712.82,22.2895413758724,606.700666666667,0.537571944386661
"2850-57609","05_28_22",49708.23,24.7797756729811,631.694666666667,0.458920893782103,60718.47,30.2684297108674,611.004,0.465549311334261,45545.5433333333,22.7046576935859,627.372333333333,0.474206187937707,59540.6733333333,29.6812927883018,611.004,0.445512158904386
"2850-57612","05_26_22",46048.0866666667,22.9551777999335,627.372333333333,0.446093783758016,63282.05,31.5463858424726,599.398666666667,0.423674908312291,26533.8333333333,13.2272349617813,638.101666666667,0.518363044336433,59138.71,29.4809122632104,626.417666666667,0.432903161238913
"2850-57614","05_26_22",47060.0433333333,23.4596427384513,610.747666666667,0.480179557031081,62206.2633333333,31.0101013625789,618.34,0.47807001554571,26692.8033333333,13.3064822200066,674.107666666667,0.524842310834735,52186.62,26.0152642073779,611.004,0.457140548837796
"2850-57619","06_25_22",36992.4866666667,18.4409205716185,678.753333333333,0.51362465516019,49963.21,24.9068843469591,656.161,0.496671541801898,24741.53,12.3337637088734,674.806333333333,0.548000713971622,46276.0233333333,23.0688052509139,643.039333333333,0.503406544998096
"2850-57620","06_17_22",45582.1533333333,22.7229079428382,611.004,0.464821292191058,43346.42,21.6083848454636,611.004,0.492100235600418,17861.2033333333,8.90388999667664,627.686333333333,0.510576941318134,43812.0033333333,21.8404802259887,627.686333333333,0.466018925214989
"2850-57629","06_20_22",40047.2366666667,19.9637271518777,688.765666666667,0.488795698044177,50263.41,25.0565353938185,670.057,0.4928613820023,31516.7833333333,15.7112578929877,685.408333333333,0.536531030987172,35487.21,17.6905333998006,658.722666666667,0.496600632078232
"2850-57633","07_01_22",32878.0233333333,16.3898421402459,659.167,0.524913975040542,35311.3466666667,17.602864739116,659.167,0.553353548152028,22462.1833333333,11.1974991691592,666.173666666667,0.509885342938454,39426.12,19.6540977068794,658.789666666667,0.499188939947134
"2850-57635","06_25_22",46513.0266666667,23.1869524759056,610.683666666667,0.404177279235523,56240.4466666667,28.0361149883682,611.004,0.44428789806603,26978.3733333333,13.448840146228,643.740666666667,0.474851404292121,49269.36,24.5609970089731,611.004,0.446808925166087
"2850-57636","06_23_22",59876.12,29.8485144566301,611.004,0.440130966175523,60904.99,30.3614107676969,611.004,0.470772751752016,26648.1933333333,13.2842439348621,674.107666666667,0.527773958915633,64958.2266666667,32.3819674310402,611.004,0.457439725804116
"2850-57637","05_28_22",37614.91,18.7512013958126,659.167,0.460529560436264,45644.59,22.7540329012961,642.151,0.479011296999754,42302.8833333333,21.0881771352609,658.789666666667,0.490705084095573,42464.1866666667,21.1685875706215,659.167,0.484169565354287
"2850-57638","05_28_22",36662.2366666667,18.2762894649385,611.004,0.486914463683041,36223.0566666667,18.0573562645397,627.686333333333,0.481711046913045,20442.1833333333,10.1905201063476,670.095666666667,0.487622013139814,46308.03,23.0847607178465,644.368666666667,0.442975542029932
"2850-57639","06_07_22",54080.6566666667,26.9594499833832,611.004,0.460182205773491,59583.8433333333,29.7028132269857,611.004,0.465097908563998,33279.3033333333,16.5898820206049,621.383,0.51735958344399,38156.4866666667,19.0211797939515,622.015333333333,0.497544056232107
"2850-57640","06_07_22",53508.95,26.6744516450648,636.718333333333,0.43807517881889,63455.375,31.6327891326022,626.003,0.459309746415659,29912.26,14.9113958125623,611.004,0.546039387247205,58222.8533333333,29.0243536058491,630.467333333333,0.454086317383625
"2850-57641","06_10_22",53397.4066666667,26.6188467929545,648.778,0.472716013807952,49715.18,24.7832402791625,666.409666666667,0.510353505419535,35447.5466666667,17.6707610501828,664.052666666667,0.524865217166265,NA,NA,NA,NA
"2850-57642","06_10_22",38800.12,19.3420338983051,648.384666666667,0.505559060312318,64655.82,32.2312163509472,656.055666666667,0.473946791246257,17901.2966666667,8.92387670322366,673.076,0.571306053435705,45488.39,22.6761665004985,652.065,0.490409770568066
"2850-57643","06_13_22",42865.7933333333,21.3687902957793,689.138,0.438130662033512,67852.2766666667,33.8246643403124,625.447333333333,0.42285299273073,21390.08,10.6630508474576,689.448333333333,0.541550132498365,51727.5266666667,25.7864041209704,679.147666666667,0.454579717138076
"2850-57644","06_16_22",57123.0433333333,28.4760933865071,611.004,0.447256430564019,59572.4866666667,29.6971518777002,633.691333333333,0.469379978251085,23917.25,11.9228564307079,687.455333333333,0.545791580308292,43215.23,21.5429860418744,618.34,0.521121498635495
"2850-57645","06_16_22",40133.17,20.0065653040877,625.135,0.469153660611001,59445.2366666667,29.633717181788,630.108,0.470303247074723,27933.4533333333,13.924951811233,688.765666666667,0.554820262160531,44693.19,22.2797557328016,662.08,0.470981619292865
"2850-57646","06_17_22",38772.35,19.3281904287139,644.054666666667,0.47964925359777,53979.55,26.9090478564307,644.368666666667,0.469821451059266,26144.8133333333,13.0333067464274,643.426666666667,0.528831228030712,37785.4666666667,18.8362246593553,660.423,0.473156709970794
"2850-57647","06_17_22",51062.2933333333,25.4547823197075,638.165333333333,0.436115595339096,56536.8566666667,28.1838767032237,617.439,0.473800387577565,25873.0666666667,12.8978398138917,643.740666666667,0.543297931551427,41241.5733333333,20.5591093386507,626.097,0.502370676469506
"2850-57648","06_17_22",42029.89,20.9520887337986,610.683666666667,0.46637998430623,37339.7533333333,18.6140345629777,627.686333333333,0.491184052146335,23284.4733333333,11.6074144233965,627.686333333333,0.494800711316089,49147.4066666667,24.5002027251579,611.004,0.465461664830077
"2850-57649","06_17_22",45865.6166666667,22.8642156862745,653.731,0.440671476859732,47247.96,23.5533200398804,627.372333333333,0.457667001702866,28869.7166666667,14.3916832834829,680.086,0.519710219729167,32183.3833333333,16.0435609837155,644.425,0.508434103881419
"2850-57650","06_17_22",51470.9033333333,25.6584762379528,610.683666666667,0.396582140290815,75923.5766666667,37.8482436025258,611.004,0.422268626461774,35485.6133333333,17.6897374543038,637.359,0.527524421346139,49636.7666666667,24.7441508806913,610.683666666667,0.447231158213035
"2850-57651","06_17_22",40994.5833333333,20.4359837155201,643.112666666667,0.446840986082087,43541.29,21.7055284147557,666.801666666667,0.460032077872446,32467.1866666667,16.1850382186773,660.737,0.519100264877987,54156.4,26.9972083748754,637.048666666667,0.480978814771114
"2850-57652","06_17_22",51412.16,25.6291924227318,665.8,0.427143999124256,51030.13,25.4387487537388,616.797666666667,0.469492898490638,32644.8466666667,16.2736025257561,687.027333333333,0.547521478228874,52554.2333333333,26.1985211033566,648.784,0.446364335325115
"2850-57653","06_17_22",43840.5733333333,21.8547224991692,665.8,0.470898637449632,54463.9733333333,27.1505350614822,659.167,0.465647634438679,16985.7866666667,8.46749086075108,660.171666666667,0.535457504626435,30909.69,15.4086191425723,659.167,0.497215455018639
"2850-57654","06_17_22",47391.7566666667,23.6250033233632,625.776333333333,0.464684502271715,60122.3533333333,29.9712628780326,625.776333333333,0.455286658363771,35743.9666666667,17.8185277500831,642.785666666667,0.491470518012548,43522.26,21.6960418743769,642.471666666667,0.468765781215357
"2850-57655","06_17_22",42844.73,21.3582901296112,633.055333333333,0.494332316291514,31091.84,15.4994217347956,643.740666666667,0.490220385860777,22747.9833333333,11.3399717514124,669.785333333333,0.546257007963445,46153.59,23.0077716849452,611.004,0.502907703238979
"2850-57656","06_17_22",42186.2833333333,21.0300515121303,610.683666666667,0.436138594306844,55346.1066666667,27.5902824858757,611.004,0.438703207214601,39149.1,19.5160019940179,627.686333333333,0.471636446333429,55886.78,27.8598105682951,611.004,0.449208379556506
"2850-57657","06_17_22",43495.9633333333,21.6829328680625,659.167,0.481288684851715,57192.22,28.5105782652044,659.167,0.488325243942122,36708.2866666667,18.2992455965437,659.167,0.481478866157901,35982.36,17.9373678963111,659.167,0.488218745555593
"2850-57658","06_17_22",60017.6966666667,29.9190910601529,627.058333333333,0.429060448831966,55406.7233333333,27.6205001661682,637.048666666667,0.461133195473329,33464.6933333333,16.6822997673646,627.058333333333,0.51985886562813,103306.856666667,51.4989315387172,611.004,0.368179989900079
"2850-57659","06_18_22",50257.09,25.0533848454636,627.157333333333,0.457439069902408,43485.3666666667,21.6776503821868,616.786333333333,0.502116285071183,23754.97,11.8419591226321,670.81,0.556138856576381,49843.04,24.8469790628116,625.776333333333,0.488799594858679
"2850-57660","06_23_22",71951.18,35.8679860418744,611.004,0.399611231302229,84268.6066666667,42.0082784978398,632.079,0.421380958117811,53767.08,26.8031306081755,611.004,0.47037201245354,58285.7333333333,29.0556995679628,611.004,0.426401073979219
"2850-57661","06_24_22",51679.33,25.7623778664008,631.694666666667,0.441584669286962,65152.3933333333,32.4787603855101,611.004,0.448605906585059,37204.76,18.546739780658,652.385333333333,0.535136359028742,45185.1366666667,22.5249933532735,648.063,0.486438570581098
"2850-57662","06_24_22",38103.78,18.9949052841476,657.721,0.452079663635858,46595.6366666667,23.2281339315387,610.747333333333,0.473467798154249,30537.6533333333,15.2231571950814,637.743333333333,0.48505764771187,51493.0866666667,25.6695347291459,609.401666666667,0.427606372156781
"2850-57663","06_24_22",73440.3266666667,36.6103323363244,611.004,0.421809374890696,84500.92,42.1240877367896,611.004,0.380513033754486,49629.3966666667,24.7404769026255,611.004,0.437529315055014,74287.13,37.0324675972084,611.004,0.411131367738259
"2850-57664","06_24_22",50343.6966666667,25.0965586573612,611.004,0.438692357535342,42034.0133333333,20.9541442339648,610.683666666667,0.465707741832002,28869.99,14.3918195413759,611.004,0.51076296275143,58224.8666666667,29.0253572615487,611.004,0.43506290175342
"2850-57665","06_24_22",46914.7866666667,23.3872316384181,625.776333333333,0.474979786705814,50890.0533333333,25.3689199069458,655.110666666667,0.481938854319553,19932.1433333333,9.93626287803257,664.117333333333,0.545244550634601,45879.9033333333,22.8713376537055,617.439,0.491526996106575
"2850-57666","06_25_22",69020.7166666667,34.4071369225656,607.112666666667,0.42911585167345,NA,NA,NA,NA,29351.05,14.631630109671,653.727333333333,0.52255870315196,50707.3766666667,25.2778547690263,689.138,0.477205757351731
"2850-57667","06_25_22",42919.2766666667,21.3954519774011,689.138,0.439257316968318,37490.3733333333,18.6891193087404,653.417,0.472891097186152,40085.1833333333,19.9826437354603,689.138,0.475452982113716,33821.7933333333,16.8603157195081,659.736,0.490177305534381
"2850-57668","06_25_22",48136.3033333333,23.9961631771353,611.004,0.472439002541212,53645.2466666667,26.7423961448986,631.694666666667,0.471296726190417,23433.2033333333,11.6815569956796,664.117333333333,0.516184020755768,40427.64,20.1533599202393,611.004,0.478588103919299
"2850-57669","06_17_22",34590.96,17.2437487537388,611.004,0.494612282609142,55620.7466666667,27.7271917580592,611.004,0.476179039504969,28244.12,14.0798205383848,611.004,0.50420461755321,37259.7,18.5741276171486,611.004,0.508699717573014
"2850-57670","06_28_22",48694.7266666667,24.2745397141908,618.390666666667,0.458991700416601,54416.8066666667,27.1270222665337,634.451666666667,0.458456097927432,39276.2466666667,19.5793851777999,598.034666666667,0.470545395967651,42460.5633333333,21.1667813226986,604.422333333333,0.479551687091038
"2850-57671","06_28_22",47505.01,23.6814606181456,641.034,0.459973843096963,57856.6666666667,28.8418079096045,593.413333333333,0.479499655497759,32664.71,16.2835044865404,667.733,0.481813029736204,51651.0033333333,25.7482568959787,607.032666666667,0.475226127659176
"2850-57672","06_29_22",71382.88,35.5846859421735,621.699333333333,0.423710214752427,71908.3133333333,35.846616816218,611.004,0.40307684285162,27863.6933333333,13.8901761382519,611.004,0.538874579457645,88752.21,44.2433748753739,611.004,0.411525886078667
"2850-57673","06_29_22",50410.4166666667,25.1298188767032,611.004,0.475219286144072,47759.45,23.8083000997009,611.004,0.490864515501701,21751.1566666667,10.843049185776,631.694666666667,0.510941546372767,59084.7,29.4539880358923,611.004,0.462833294455689
"2850-57674","06_30_22",38770.2966666667,19.3271668328348,682.423333333333,0.489049526744921,42484.1566666667,21.1785427052177,688.393333333333,0.510356590389427,30816.3033333333,15.3620654702559,686.401333333333,0.525460467666896,42465.24,21.169112662014,678.025666666667,0.514089369164649
"2850-57675","06_01_22",47761.0766666667,23.8091110003323,633.779,0.463668452252853,61577.3633333333,30.6965918909937,597.081666666667,0.449354193303728,43795.7433333333,21.8323745430376,646.730666666667,0.479320617896006,58972.7033333333,29.3981571950814,609.081,0.45677816985398
"2850-57676","07_01_22",59823.4933333333,29.8222798271851,611.004,0.475489057736963,23193.4866666667,11.5620571618478,644.054666666667,0.49726988362538,24338.2533333333,12.132728481223,653.727333333333,0.487652550471488,49905.0666666667,24.87789963443,611.004,0.471451969276065
"2850-57677","07_03_22",37088.2433333333,18.488655699568,643.112666666667,0.514830834325173,51242.7033333333,25.5447175141243,668.116666666667,0.48917677569299,34694.6866666667,17.295456962446,650.119333333333,0.508681594581076,37509.3333333333,18.6985709538053,683.170666666667,0.519963315109169
"2850-57678","07_03_22",57929.27,28.878000997009,619.725333333333,0.445647061623486,62751.76,31.2820338983051,604.698666666667,0.481352302687964,30814.4733333333,15.3611532070455,682.716,0.532995713255739,56632.4,28.2315054835494,630.420333333333,0.479186152893239
"2850-57679","07_03_22",33232.5766666667,16.5665885676304,678.43,0.515736538860042,35354.54,17.6243968095713,677.747333333333,0.529523520933972,28406.33,14.1606829511466,626.752333333333,0.510654443617958,47774.1566666667,23.8156314390163,652.065,0.489159204532414
"2850-57680","07_04_22",49510.1533333333,24.6810335659688,601.433,0.436224687764567,47094.6,23.4768693918245,624.729333333333,0.489822470998556,50931.9533333333,25.3898072449319,641.725666666667,0.496817776329874,53965.9433333333,26.9022648720505,629.439666666667,0.44933105695036
"2850-57681","07_05_22",54437.24,27.1372083748754,627.372333333333,0.457080216135886,64744.66,32.2755034895314,611.004,0.444020288650024,24371.9166666667,12.1495098039216,690.440666666667,0.550424111938466,43350.3366666667,21.6103373213692,644.368666666667,0.488256329516548
"2850-57682","07_05_22",42720.7566666667,21.2964888667331,632.463333333333,0.504127433425808,63703.26,31.7563609172483,612.412666666667,0.457311881379154,36809.71,18.3498055832502,672.068333333333,0.480743932786728,53109.7933333333,26.475470255899,652.769666666667,0.489727714930526
"2850-57683","07_07_22",63818.51,31.813813559322,616.687,0.395094113787694,69149.7,34.4714356929212,599.394666666667,0.41226018894925,43410.3933333333,21.6402758391492,644.368666666667,0.512215406430052,81154.5266666667,40.4558956463942,656.430333333333,0.408433860697983
"2850-57684","07_07_22",33356.16,16.6281954137587,667.113,0.501986760616095,44503.66,22.1852741774676,660.737,0.491159582550519,28483.3966666667,14.1991010302426,644.054666666667,0.526650064599776,37059.4833333333,18.4743187105351,677.099666666667,0.479528354664802
"2850-57685","07_07_22",28746.74,14.3303788634098,637.048666666667,0.461263476438973,37713.0533333333,18.8001262878033,611.004,0.462901540060618,22735.5333333333,11.333765370555,679.772,0.504448186115629,42461.3633333333,21.1671801262878,611.004,0.51864297993939
"2850-57686","07_07_22",24970.78,12.4480458624128,637.048666666667,0.52079332295581,53075.2233333333,26.4582369557993,611.388333333333,0.454003167397989,21266.0833333333,10.6012379528082,689.448333333333,0.502270576337553,42889.3033333333,21.3805101362579,637.048666666667,0.476572307012665
"2850-57687","07_07_22",49334.97,24.593703888335,611.004,0.424267285100146,44122.8666666667,21.9954469923563,611.004,0.451410786855832,30814.7,15.3612662013958,634.065,0.516289514357856,49141.0933333333,24.4970555001662,637.038666666667,0.46653038817542
"2850-57688","07_07_22",30322.9633333333,15.1161332668661,637.048666666667,0.468823658507684,46613.3666666667,23.2369724160851,632.007,0.478295007998948,23953.47,11.9409122632104,643.740666666667,0.509757145628279,34724.63,17.3103838484546,663.093333333333,0.533514726359388
"2850-57689","07_07_22",20293.0233333333,10.1161631771353,627.372333333333,0.513884092381705,32057.0766666667,15.9805965437022,663.093333333333,0.517745718242196,24286.1066666667,12.1067331339315,689.138,0.48920302004372,28608.1533333333,14.2612927883018,637.359,0.507844620459348
"2850-57690","07_07_22",40415.3566666667,20.1472366234629,678.131,0.473294916447572,49716.59,24.7839431704885,687.763333333333,0.484957606140153,25894.4466666667,12.9084978398139,663.090666666667,0.555482369238671,44073.0066666667,21.9705915586574,644.040333333333,0.490567752934996
"2850-57691","07_07_22",46674.8366666667,23.2676154868727,654.784666666667,0.442601060765461,68288.58,34.0421635094716,646.456666666667,0.44651765322554,45164.8833333333,22.5148969757394,598.116333333333,0.493200696763343,46737.73,23.2989680957129,673.753333333333,0.541255306179577
"2850-57692","07_07_22",80253.7633333333,40.0068610834164,606.440333333333,0.406280157478526,83035.6733333333,41.393655699568,622.015333333333,0.397279041082697,39303.4033333333,19.5929228979727,669.481333333333,0.516312382649158,46148.3133333333,23.0051412429379,655.098,0.485962979807557
"2850-57694","07_11_22",49026.3633333333,24.4398620804254,600.043666666667,0.455234322914824,75783.72,37.7785244267198,606.019333333333,0.437378054873277,26381.77,13.1514307078764,678.131,0.523325082221488,40498.31,20.1885892323031,664.399666666667,0.492207963670907
"2850-57695","07_11_22",29370.08,14.6411166500499,655.743666666667,0.510617914438357,46467.0733333333,23.1640445330675,687.771,0.468899157636531,22581.1333333333,11.2567962778332,684.477,0.547755323355754,39493.48,19.6876769690927,644.040333333333,0.50077335920714
"2850-57696","06_21_22",65711.3133333333,32.7573845131273,611.004,0.404861417273562,57990.55,28.9085493519442,611.004,0.40376654002616,45630.18,22.7468494516451,627.058333333333,0.461438747773419,68216.3666666667,34.0061648388169,611.004,0.420886958112146
"2850-57697","07_14_22",51174.6966666667,25.5108158856763,659.795,0.446891715739357,56545.5466666667,28.1882087072117,670.095666666667,0.452067131847676,26283.9133333333,13.1026487205052,643.740666666667,0.536900743225444,38560.75,19.2227068793619,660.109,0.4675362488863
"2850-57698","07_16_22",72350.2466666667,36.0669225656364,611.004,0.407445312458937,66961.74,33.3807278165503,634.376333333333,0.42345603351677,32372.99,16.1380807577268,663.403666666667,0.525526028316681,49426.76,24.6394616151545,627.686333333333,0.498636019460233
"2850-57699","07_16_22",62397.49,31.1054287138584,611.004,0.44866630218995,67489.68,33.6439082751745,627.686333333333,0.445706541821975,42822.06,21.3469890329013,627.686333333333,0.495685670512008,58840.4,29.3322033898305,611.004,0.478773995891128
"2850-57700","07_18_22",67607.9066666667,33.7028447989365,628.404,0.429778507693639,67625.8566666667,33.7117929544699,630.086666666667,0.457311167675308,47225.9666666667,23.5423562645397,654.042,0.486719104647496,66151.8333333333,32.9769857095381,582.121666666667,0.423956394948512
"2850-57701","07_05_22",39244.7533333333,19.5636856098372,650.424333333333,0.483364976058984,44709.21,22.287741774676,632.03,0.493454238557311,31135.74,15.5213060817547,680.088333333333,0.523815250344629,48116.1433333333,23.9861133266866,646.731333333333,0.478531397128872
"2850-57730","07_11_22",46571.3833333333,23.2160435360585,611.004,0.470114360336248,25730.4066666667,12.8267231638418,611.004,0.518325430197256,31498.9466666667,15.7023662346294,611.004,0.531579293731401,50777.3833333333,25.3127534064473,611.004,0.478724512466002
"2850-57731","07_11_22",37261.7633333333,18.5751561980724,611.004,0.456752008552218,46630.38,23.2454536390828,611.004,0.491593590434417,21992.6233333333,10.9634214024593,689.138,0.500436597331578,49359.5033333333,24.6059338650715,611.004,0.474122333848422
"2850-57733","06_17_22",44892.0266666667,22.3788767032237,627.372333333333,0.481773002828252,41026.99,20.4521385842473,611.004,0.480742509360782,29776.95,14.8439431704885,680.082333333333,0.488091857939066,37344.3166666667,18.616309405118,611.004,0.474711747070679
"2850-57735","06_17_22",68203.36,33.9996809571286,611.004,0.416986864764336,62182.06,30.998035892323,611.004,0.422869341139484,30146.51,15.0281704885344,611.004,0.511186425920071,61402.4433333333,30.609393486208,611.004,0.449029890789047
"2850-57736","06_17_22",39297.17,19.58981555334,627.366,0.466811049050845,40937.5866666667,20.4075706214689,611.388333333333,0.477924978443746,37765.2733333333,18.8261581920904,674.418,0.485608417898298,53522.3433333333,26.6811282818212,621.003333333333,0.478086774787066
"2850-57737","06_17_22",40080.36,19.9802392821535,642.471666666667,0.478579748404359,44828.4766666667,22.347196743104,617.435666666667,0.511582732599793,25773.3533333333,12.8481322698571,659.158333333333,0.530188079295378,45481.0266666667,22.6724958457959,621.47,0.483526089221322
"2850-57741","06_10_22",54948.3966666667,27.3920222665337,611.004,0.423831820325412,54089.8966666667,26.9640561648388,611.004,0.470756983716616,36473.1733333333,18.1820405450316,653.727333333333,0.467957285069649,52467.9866666667,26.1555267530741,627.058333333333,0.457566127895529
"2850-57742","06_17_22",52769.1566666667,26.3056613492855,609.081,0.456120565938534,52449.5666666667,26.146344300432,625.078333333333,0.490027439868981,26089.2866666667,13.0056264539714,671.763,0.511030769183319,45745.8033333333,22.8044882020605,659.167,0.511725689958723
"2850-57743","06_17_22",39974.0733333333,19.9272549019608,621.471,0.460795053146952,45830.2833333333,22.8466018610834,646.037666666667,0.475908452481782,21254.97,10.5956979062812,675.697333333333,0.535140523571058,37321.4666666667,18.6049185776005,672.433,0.482220206089518
"2850-57744","06_17_22",40632.8833333333,20.2556746427385,627.686333333333,0.470934772871754,41031.1166666667,20.454195746095,610.683666666667,0.491736388577851,49425.1666666667,24.6386673313393,611.004,0.4418970149042,33009.75,16.4555084745763,643.740666666667,0.489979152504427
"2850-57745","06_17_22",43899.4533333333,21.8840744433367,657.739333333333,0.48488486918963,38679.1666666667,19.2817381189764,634.065,0.496153458740622,23861.2,11.8949152542373,667.115666666667,0.520998035055429,52928.4233333333,26.3850564971751,645.402666666667,0.474305255500616
"2850-57746","06_17_22",44206.5333333333,22.0371552010635,665.8,0.479027412948591,38480.7633333333,19.1828331671652,642.151,0.480290485008856,33586.1833333333,16.7428630774344,658.091666666667,0.495003600705973,36770.6033333333,18.3303107344633,665.8,0.470432650554365
"2850-57747","07_03_22",57138.9333333333,28.4840146227983,604.049333333333,0.455584368903838,67285.71,33.5422283150548,630.083333333333,0.473955663568301,43535.31,21.7025473579262,634.740666666667,0.513814163656853,46382.7266666667,23.1219973413094,644.765,0.498653258071772
"2850-57749","07_27_22",42255.4066666667,21.0645098039216,642.094333333333,0.459944133002193,61743.6566666667,30.7794898637421,609.081,0.453449047244311,38939.8966666667,19.4117131937521,663.803333333333,0.489887348656681,60500.9633333333,30.1600016616816,608.760333333333,0.448755313407513
"2850-57750","08_11_22",66358.24,33.0798803589232,606.401666666667,0.437039110135619,60610.13,30.2144217347956,639.055,0.475443369431799,45332.1633333333,22.5982868062479,676.069,0.502554816330764,46361.6133333333,23.1114722499169,666.754333333333,0.502217697092795
"2850-57751","08_15_22",51819.6266666667,25.8323163841808,611.004,0.491177750979534,50341.9133333333,25.0956696576936,611.004,0.461561175071587,36608.2133333333,18.249358590894,643.740666666667,0.470003126018861,45571.4566666667,22.7175756065138,631.694666666667,0.466919482220429
"2850-57752","08_15_22",50904.3266666667,25.3760352276504,641.353,0.475011049435065,48770.7033333333,24.3124144233965,652.397666666667,0.483923639731401,38703.7166666667,19.293976404121,642.471666666667,0.433540632319454,42176.9166666667,21.025382186773,665.433,0.498662329657667
"2850-57753","08_15_22",42252.9733333333,21.0632967763377,622.731,0.461032416312726,55888.02,27.8604287138584,606.378666666667,0.448115996254629,40733.5633333333,20.3058640744433,611.004,0.512410822930723,46923.8533333333,23.3917514124294,611.004,0.465212006073956
"2850-57806","06_17_22",45648.9266666667,22.7561947490861,611.004,0.43841581422524,65762.2133333333,32.7827583914922,627.686333333333,0.421684904111938,28751.16,14.3325822532403,627.372333333333,0.486819880624915,44750.7866666667,22.3084679295447,611.004,0.455191286459216
"2850-57806","07_11_22",36200.34,18.0460319042871,659.167,0.47029261239325,28614.0433333333,14.2642289797275,659.167,0.518970434414988,22577.5866666667,11.2550282485876,669.467666666667,0.516086951347348,35257.24,17.5758923230309,659.167,0.493413320763588
"2850-57808","08_07_22",41356.5,20.6164007976072,641.396333333333,0.495731590102119,30847.3966666667,15.3775656364241,659.167,0.515459018263731,23003.7733333333,11.4674842140246,678.775333333333,0.514088925282201,37622.1733333333,18.7548222000665,642.151,0.472216786759207
"2850-57846","06_17_22",49806.51,24.8287686939182,642.151,0.459428467947043,43728.4866666667,21.7988467929545,642.471666666667,0.448054925330674,26141.62,13.0317148554337,659.167,0.551398233056784,59705.6666666667,29.7635427052177,659.167,0.472972654856835
"2850-57853","05_28_22",38178.7166666667,19.0322615486873,631.694666666667,0.467757850688106,60098.615,29.9594292123629,609.32125,0.437023234955718,46626.62,23.2435792622134,642.471666666667,0.451449368357483,58187.0333333333,29.0064971751412,610.683666666667,0.493140310379375
"2850-57868","06_01_22",45647,22.7552342971087,659.375,0.490298322666684,50682.74,25.2655732801595,620.429666666667,0.476245807706662,22958.7766666667,11.4450531738119,685.408333333333,0.569608510642405,43208.4966666667,21.5396294449983,670.739666666667,0.505408439497315
"2850-57869","06_06_22",58866.65,29.3452891326022,627.366,0.432122244685897,54781.8733333333,27.3090096377534,627.686333333333,0.433936998578612,31601.9166666667,15.7536972416085,644.368666666667,0.505702199164534,43494.8333333333,21.6823695579927,644.368666666667,0.487990041120508
"2850-57870","06_06_22",NA,NA,NA,NA,NA,NA,NA,NA,37335.8333333333,18.6120804253905,642.471666666667,0.503790118704403,NA,NA,NA,NA
"2850-57871","06_06_22",54377.46,27.10740777667,611.004,0.442110827867454,59262.6333333333,29.5426886008641,611.004,0.474684483229261,44672.0566666667,22.2692206713194,643.740666666667,0.436473614120215,58124.6366666667,28.9753921568627,611.388333333333,0.457669119093836
"2850-57872","06_07_22",51166.4233333333,25.506691591891,611.004,0.428613954740433,55178.5,27.5067298105683,611.004,0.445895966740538,39907.39,19.8940129611166,611.004,0.471892931982577,63251.66,31.5312362911266,611.004,0.456420878951528
"2850-57873","06_07_22",35153.6766666667,17.5242655367232,611.004,0.486432212985047,52003.7366666667,25.9240960451977,611.004,0.488596319343506,28473.0766666667,14.1939564639415,611.004,0.523433174378901,46384.2033333333,23.1227334662679,611.004,0.462714030066372
"2850-57874","06_07_22",55018.0033333333,27.4267215021602,611.004,0.394388608589717,50189.3333333333,25.0196078431373,611.004,0.44037704569937,31369.4733333333,15.6378231970754,611.004,0.517828440141868,44566.9633333333,22.2168311731472,631.694666666667,0.462104706549442
"2850-57875","06_07_22",37729.4266666667,18.8082884679295,611.004,0.487568806729111,37764.0333333333,18.8255400465271,611.004,0.501831055864157,21017.4633333333,10.4772997673646,669.785333333333,0.474011929867328,40903.4866666667,20.3905716184779,627.372333333333,0.464260503803274
"2850-57876","06_14_22",63592.9966666667,31.7013941508807,623.082333333333,0.455932097159408,63010.75,31.4111415752742,612.402333333333,0.455336481936923,33702.1233333333,16.8006596876039,645.108333333333,0.547547668497738,55349.9933333333,27.5922200066467,610.363333333333,0.47325064074052
"2850-57877","06_14_22",46309.31,23.0853988035892,627.372333333333,0.486452342049641,43641.45,21.7554586241276,611.004,0.485404040895031,33136.2866666667,16.5185875706215,643.740666666667,0.525460668342776,52266.55,26.055109670987,611.004,0.4691839488226
"2850-57878","06_14_22",31820.7733333333,15.8627982718511,627.372333333333,0.468919550505141,51969.7433333333,25.9071502160186,611.004,0.456736591422169,27764.005,13.8404810568295,611.004,0.485086258078933,46390.08,23.1256630109671,611.004,0.467087763718303
"2850-57879","06_17_22",64062.1,31.9352442671984,627.052,0.409605816235636,64087.5566666667,31.9479345297441,643.099666666667,0.42493528942929,30074.6466666667,14.99234629445,627.372333333333,0.534344993932314,69280.7833333333,34.5367813226986,610.683666666667,0.430098489607538
"2850-57880","06_17_22",57348.0666666667,28.5882685277501,627.686333333333,0.411459376677452,58961.9866666667,29.3928148886673,631.694666666667,0.445443610077868,37406.0066666667,18.6470621468927,611.004,0.524478258684532,54736.4,27.2863409770688,611.004,0.464295077057884
"2850-57881","06_17_22",53281.27,26.5609521435693,643.734333333333,0.438684751120613,44008.2933333333,21.9383316716517,611.004,0.494146675914857,23539.6733333333,11.7346327683616,644.745333333333,0.535560862782482,63376.8633333333,31.5936507145231,610.683666666667,0.464706778503548
"2850-57882","06_17_22",42183.5966666667,21.0287121967431,610.683666666667,0.489084543277165,35853.8166666667,17.8732884679295,611.004,0.508522162342327,34253.41,17.0754785643071,631.694666666667,0.488105377496355,41257.9466666667,20.567271518777,611.004,0.497762579731238
"2850-57883","06_17_22",56452.0066666667,28.1415785975407,606.378666666667,0.420426057049873,50691.7633333333,25.2700714523097,598.433333333333,0.443795535244873,41892.5233333333,20.8836108341642,659.167,0.477014322078874,62922.6666666667,31.3672316384181,632.733666666667,0.437279716274618
"2850-57884","06_17_22",51289.0266666667,25.5678099036225,626.090333333333,0.415762873766945,67839.7133333333,33.8184014622798,635.715,0.407879041628993,45779.9966666667,22.8215337321369,627.372333333333,0.46581956097853,65816.1033333333,32.8096227982719,621.47,0.436573530710144
"2850-57885","07_02_22",73769.7366666667,36.7745446992356,611.004,0.43345275534383,73571.6666666667,36.6758059155866,611.004,0.438932961482071,33083.1966666667,16.492121967431,644.368666666667,0.53305860024122,69424.6833333333,34.6085161183117,611.004,0.441378418889438
"2850-57886","07_02_22",66866.5833333333,33.3332917912928,625.069333333333,0.396431828369353,73318.5133333333,36.5496078431373,621.083333333333,0.406932860305746,36554.7033333333,18.2226836158192,641.725666666667,0.511476808848192,66232.26,33.0170787637089,581.392333333333,0.415312918987898
"2850-57887","07_03_22",53795.29,26.8171934197408,648.747,0.435508359909545,57474.61,28.6513509471585,583.358,0.434361687062642,36281.9766666667,18.0867281488867,663.061,0.513340652694083,62972.9933333333,31.392319707544,628.743,0.464981668262005
"2850-57888","07_03_22",60898.6566666667,30.3582535726155,597.410666666667,0.420528206335359,58781.1166666667,29.3026503821868,608.050666666667,0.444129935436142,30957.77,15.4325872382851,671.045,0.557804851680149,66321.1433333333,33.0613875041542,605.736333333333,0.419543775739978
"2850-57889","07_03_22",70954.49,35.3711316051844,596.775,0.410286747871272,60918.4166666667,30.3681040212695,579.744,0.458733922397448,27761.11,13.839037886341,673.431666666667,0.558111391425411,62993.38,31.402482552343,589.735666666667,0.452100899479397
"2850-57890","07_03_22",45659.43,22.7614307078764,631.727666666667,0.48564520727085,42114.1233333333,20.9940794283815,639.062666666667,0.499972251084929,26319.1533333333,13.1202160186108,671.744,0.543440919596426,50377.1566666667,25.1132386174809,617.374333333333,0.488406395537341
"2850-57891","07_05_22",63617.35,31.7135343968096,631.007,0.434815135814645,55365.6133333333,27.6000066467265,598.68,0.446894852775105,38448.32,19.1666600199402,634.376333333333,0.507214624039913,72519.3433333333,36.1512180126288,611.004,0.430647037886824
"2850-57892","07_05_22",51686.06,25.7657328015952,656.378666666667,0.44355533943704,54111.7666666667,26.9749584579595,679.066,0.482406551414524,31387.2366666667,15.646678298438,632.729666666667,0.550363141107975,51226.54,25.5366600199402,611.004,0.461300286557052
"2850-57893","07_05_22",53658.9,26.7492023928215,645.763333333333,0.473857733493283,47145.2066666667,23.5020970422067,672.755,0.489609124409554,35073.0833333333,17.4840893984713,614.358666666667,0.556722005717228,45682.6066666667,22.7729843801928,628.376666666667,0.499820953578672
"2850-57894","07_05_22",56234.1,28.0329511465603,672.814333333333,0.437845589404647,58603.2233333333,29.2139697573945,642.699,0.455127608244347,32828.8433333333,16.3653256895979,659.125333333333,0.514945217657926,51571.5133333333,25.7086307743436,678.754333333333,0.512700280846683
"2850-57895","07_05_22",49160.46,24.5067098703888,621.391,0.525581568027128,51617.8,25.731704885344,619.743333333333,0.528337794338414,28249.8166666667,14.0826603522765,678.442666666667,0.525105365845606,50565.4666666667,25.2071119973413,672.437666666667,0.512054888897468
"2850-57897","07_11_22",23469.0766666667,11.6994400132935,668.064333333333,0.53469732986732,35305.48,17.5999401794616,606.056666666667,0.505361491130534,30135.1633333333,15.0225141242938,603.130666666667,0.549447681788242,40864.3966666667,20.371085078099,625.135,0.488523721354226
"2850-57898","07_14_22",51411.34,25.6287836490528,653.727333333333,0.459991412405787,44488.26,22.1775972083749,660.109,0.438752643339036,32074.75,15.989406779661,660.109,0.489283257988601,43968.78,21.9186340977069,660.109,0.475168851406107
"2850-57900","07_14_22",67214.3666666667,33.5066633433034,598.684666666667,0.396698027795489,65104.83,32.4550498504487,586.685666666667,0.422949286451907,NA,NA,NA,NA,44822.17,22.3440528414756,627.372333333333,0.465615212880449
"2850-57901","05_26_22",59709.2233333333,29.7653157195081,610.427,0.411175268099751,65845.3,32.8241774675972,616.73,0.415899093574128,20638.89,10.2885792622134,685.408333333333,0.559010563678886,58706.17,29.2652891326022,663.099666666667,0.450950969247778
"2850-57904","07_05_22",71934.8066666667,35.8598238617481,689.138,0.386489825742785,72165.3833333333,35.9747673645729,600.692,0.402616068269258,33728.0666666667,16.8135925556663,660.423,0.499377207006196,65690.0533333333,32.7467863077434,647.441,0.462967790440274
"2870-64901","07_14_22",48297.7266666667,24.0766334330342,616.412,0.393852574051011,64182.2666666667,31.9951478896643,611.004,0.416704941685344,51377.37,25.6118494516451,611.004,0.446735617925905,61567.8533333333,30.6918511133267,633.371,0.450607129884225
"2870-64903","07_14_22",36304.88,18.0981455633101,643.740666666667,0.469376354500917,46948.9033333333,23.4042389498172,610.683666666667,0.445662963529255,38027.3533333333,18.9568062479229,643.740666666667,0.475460690260933,41920.05,20.897333000997,627.052,0.477655595207729
"2870-64904","07_14_22",66120.98,32.9616051844467,589.083333333333,0.422120826691811,64372.41,32.0899351944168,616.412,0.4102824052088,34934.1066666667,17.4148089066135,643.740666666667,0.493434707070042,70252.3533333333,35.0211133266866,577.798333333333,0.4179435484006
"2870-64905","06_20_22",36862.9433333333,18.3763426387504,672.121333333333,0.505109573886229,28672.1433333333,14.2931920903955,627.705333333333,0.511140146926654,16309.46,8.13033898305085,653.07,0.612336677669159,32404.11,16.153594217348,645.172,0.515098538891387
"2870-64906","07_20_22",17656.25,8.80171984047856,660.109,0.510355235598951,25448.67,12.6862761714855,677.100666666667,0.525112228439744,27662.8733333333,13.7900664672649,689.448333333333,0.52241227404983,33434.6133333333,16.6673047524094,637.359,0.496568864114152
"2870-64907","08_07_22",41148.06,20.5124925224327,610.363,0.468005264540999,41772.0966666667,20.8235776005317,627.39,0.48151742874041,37554.14,18.7209072781655,623.407666666667,0.475154697027745,41917.3566666667,20.8959903622466,598.364,0.46533798891595
"2870-64908","08_07_22",48537.3766666667,24.1961000332336,641.396333333333,0.477382230920898,45867.9,22.8653539381854,633.813666666667,0.471177419508723,25156.93,12.5408424725823,675.446333333333,0.561457420073845,47529.2,23.693519441675,649.478333333333,0.47518869182757
"2870-64909","08_07_22",56056.6533333333,27.9444931871054,614.732333333333,0.415604939746412,76420.4033333333,38.095913924892,609.081,0.402625511202563,27142.5166666667,13.5306663343303,673.793666666667,0.536423157320555,60235.8733333333,30.0278531073446,597.723,0.437260381478079
"2870-64910","08_07_22",54791.3133333333,27.3137155201063,659.481,0.384323022110213,50000.3366666667,24.9253921568627,642.785666666667,0.407912531805664,32048.4966666667,15.9763193752077,659.795,0.49251670879219,58947.93,29.3858075772682,609.081,0.417812128020881
"2870-64912","08_09_22",55762.22,27.7977168494516,603.374333333333,0.407454391410945,63315.9533333333,31.5632868062479,627.372333333333,0.42726560219457,31444.5,15.6752243270189,660.109,0.500908279564402,52689.6833333333,26.2660435360585,627.372333333333,0.473299506341255
"2870-64913","08_09_22",63545.2933333333,31.6776138251911,611.004,0.445885500900932,49628.5433333333,24.7400515121303,619.038333333333,0.467444359332272,34730.76,17.3134396809571,648.063,0.493265265119548,44366.6933333333,22.1169956796278,611.004,0.498237511528376
"2870-64914","08_10_22",53544.3133333333,26.6920804253905,652.462,0.428167680601067,61682.83,30.7491674975075,658.098,0.46008490739354,33086.96,16.4939980059821,689.138,0.530819362909797,57073.5666666667,28.4514290461948,642.471666666667,0.465500845284304
"2870-64915","08_10_22",75769.8566666667,37.7716134928548,611.004,0.3863287774967,80435.1633333333,40.0972897972748,627.058333333333,0.403237289753779,34696.8933333333,17.2965569956796,611.004,0.511786213727979,60904.5266666667,30.3611797939515,611.004,0.45761433289429
"2870-64916","08_10_22",53595.38,26.7175373878365,648.736333333333,0.458469238797831,47025.5966666667,23.4424709205716,668.401333333333,0.523625277083724,32357.1333333333,16.1301761382519,640.386333333333,0.534245878219911,38966.6066666667,19.4250282485876,649.694,0.524336921483594
"2870-64918","08_11_22",47945.97,23.9012811565304,627.372333333333,0.442607982648016,53159.1366666667,26.5000681289465,633.744666666667,0.434711861611192,35121.4,17.5081754735793,650.119333333333,0.516163917126636,55179.8166666667,27.5073861748089,610.043,0.403834102116504
"2870-65001","07_05_22",74358.4066666667,37.0679993353274,622.051666666667,0.43277220271297,72347.0733333333,36.0653406447325,622.11,0.460277061414038,25109.4833333333,12.5171900963775,644.054666666667,0.532566616003272,64486.6633333333,32.1468909936856,627.366,0.43072025304393
"2870-65002","07_05_22",59275.1933333333,29.548949817215,626.417333333333,0.429880581663732,66997.3833333333,33.3984961781323,626.738,0.436129874808929,39041.64,19.4624327018943,643.740666666667,0.499124685551824,64105.15,31.956704885344,664.117333333333,0.432590000503471
"2870-65003","07_11_22",56872.4866666667,28.3511897640412,611.388333333333,0.447607160502112,45712.2166666667,22.7877450980392,610.683666666667,0.460682544265424,33708.0266666667,16.8036025257561,639.374333333333,0.508698731940593,50806.42,25.3272283150548,611.068,0.473120529161214
"2870-65004","07_11_22",61062.8233333333,30.4400913924892,625.776333333333,0.408319556846592,70050.5333333333,34.920505151213,608.439666666667,0.408986638332818,30790.5766666667,15.3492406114988,643.426666666667,0.485158377771461,61508.5666666667,30.6622964440013,605.095333333333,0.404929236013487
"2870-65005","07_14_22",72676.7233333333,36.2296726487205,627.372333333333,0.439623121824641,70486.6833333333,35.1379278830176,611.004,0.42879426506055,36801.49,18.3457078763709,660.109,0.477237030012233,56226.8,28.0293120638086,610.683666666667,0.469268099497551
"2870-65007","07_14_22",64370.41,32.0889381854437,627.372333333333,0.442044289939308,69556.67,34.6743120638086,627.372333333333,0.397379468311912,43510.9733333333,21.6904154204055,660.109,0.474728394590933,49185.5966666667,24.5192406114988,659.795,0.47805102820742
"2870-65009","07_14_22",84178.5466666667,41.963383183782,587.789333333333,0.390237206081245,70458.4233333333,35.123840146228,643.740666666667,0.40172539184311,47893.2933333333,23.8750216018611,643.740666666667,0.497640458502424,65205.2766666667,32.50512296444,627.052,0.430429313063405
